Model,30 Features,All Features
CatBoost,0.8296373597704149,0.8280720062614141
Gradient Boosting,0.8178972084529089,0.8197234542134099
Logistic Regression,0.7910253065483955,0.693973388990347
Random Forest,0.8322462822854161,0.8304200365249153
SVM,0.747978085050874,0.6444038612053222
XGBoost,0.813983824680407,0.8181581007044091
